Расстояние;По рельефу;Высота;Широта;Долгота
0;0;98,9;60,22250;30,27583
30;30;99,4;60,22238;30,27632
60;60;99,8;60,22226;30,27681
90;90;99,9;60,22214;30,27729
120;120;100,0;60,22202;30,27778
150;150;100,2;60,22190;30,27827
180;180;100,2;60,22178;30,27875
210;210;100,0;60,22166;30,27924
240;240;100,3;60,22154;30,27973
270;270;100,7;60,22142;30,28021
300;300;101,0;60,22130;30,28070
330;330;101,1;60,22118;30,28119
360;360;101,1;60,22107;30,28167
390;390;99,9;60,22095;30,28216
420;420;98,9;60,22083;30,28265
450;450;98,5;60,22071;30,28313
480;480;98,2;60,22059;30,28362
510;510;98,0;60,22047;30,28410
540;540;97,8;60,22035;30,28459
570;570;97,5;60,22023;30,28508
600;600;97,7;60,22011;30,28556
630;630;97,6;60,21999;30,28605
660;660;96,6;60,21987;30,28654
690;690;95,2;60,21975;30,28702
720;720;93,6;60,21963;30,28751
750;750;92,9;60,21951;30,28800
780;780;92,8;60,21939;30,28848
809;810;93,6;60,21927;30,28897
839;840;94,3;60,21915;30,28946
869;870;94,7;60,21903;30,28994
899;900;94,5;60,21891;30,29043
929;930;94,0;60,21879;30,29092
959;960;93,4;60,21867;30,29140
989;990;92,5;60,21855;30,29189
1019;1020;91,5;60,21843;30,29238
1049;1050;91,4;60,21831;30,29286
1079;1080;91,8;60,21819;30,29335
1109;1110;92,0;60,21807;30,29383
1139;1140;92,4;60,21795;30,29432
1169;1169;92,5;60,21784;30,29481
1199;1199;92,8;60,21772;30,29529
1229;1229;92,9;60,21760;30,29578
1259;1259;93,0;60,21748;30,29627
1289;1289;93,3;60,21736;30,29675
1319;1319;94,2;60,21724;30,29724
1349;1349;95,1;60,21712;30,29773
1379;1379;95,5;60,21700;30,29821
1409;1409;95,6;60,21688;30,29870
1439;1439;95,6;60,21676;30,29919
1469;1469;94,8;60,21664;30,29967
1499;1499;94,1;60,21652;30,30016
1529;1529;94,0;60,21640;30,30065
1559;1559;94,5;60,21628;30,30113
1589;1589;95,5;60,21616;30,30162
1619;1619;96,1;60,21604;30,30210
1649;1649;96,5;60,21592;30,30259
1679;1679;95,4;60,21580;30,30308
1709;1709;94,2;60,21568;30,30356
1739;1739;93,4;60,21556;30,30405
1769;1769;93,2;60,21544;30,30454
1799;1799;93,3;60,21532;30,30502
1829;1829;93,2;60,21520;30,30551
1859;1859;92,7;60,21508;30,30600
1889;1889;91,3;60,21496;30,30648
1919;1919;90,3;60,21484;30,30697
1949;1949;89,7;60,21472;30,30745
1979;1979;88,9;60,21460;30,30794
2009;2009;88,2;60,21448;30,30843
2039;2039;87,0;60,21436;30,30891
2069;2069;85,9;60,21425;30,30940
2099;2099;85,1;60,21413;30,30989
2129;2129;85,3;60,21401;30,31037
2159;2159;85,6;60,21389;30,31086
2189;2189;86,1;60,21377;30,31135
2219;2219;86,3;60,21365;30,31183
2249;2249;86,2;60,21353;30,31232
2279;2279;85,7;60,21341;30,31280
2309;2309;84,9;60,21329;30,31329
2339;2339;85,7;60,21317;30,31378
2368;2369;86,4;60,21305;30,31426
2398;2399;87,0;60,21293;30,31475
2428;2429;87,2;60,21281;30,31524
2458;2459;87,0;60,21269;30,31572
2488;2489;86,9;60,21257;30,31621
2518;2519;86,8;60,21245;30,31669
2548;2549;85,8;60,21233;30,31718
2578;2579;85,2;60,21221;30,31767
2608;2609;85,0;60,21209;30,31815
2638;2639;85,8;60,21197;30,31864
2668;2669;87,2;60,21185;30,31913
2698;2699;89,3;60,21173;30,31961
2728;2729;91,4;60,21161;30,32010
2758;2759;93,4;60,21149;30,32059
2788;2789;94,5;60,21137;30,32107
2818;2819;95,1;60,21125;30,32156
2848;2849;95,4;60,21113;30,32204
2878;2879;96,1;60,21101;30,32253
2908;2909;95,9;60,21089;30,32302
2938;2939;95,9;60,21077;30,32350
2968;2969;95,8;60,21065;30,32399
2998;2999;95,3;60,21053;30,32448
3028;3029;94,6;60,21041;30,32496
3058;3059;94,7;60,21029;30,32545
3088;3089;95,0;60,21017;30,32593
3118;3119;95,0;60,21005;30,32642
3148;3149;94,5;60,20994;30,32691
3178;3179;93,4;60,20982;30,32739
3208;3209;92,1;60,20970;30,32788
3238;3239;90,9;60,20958;30,32837
3268;3269;89,6;60,20946;30,32885
3298;3299;88,4;60,20934;30,32934
3328;3329;87,4;60,20922;30,32982
3358;3359;86,2;60,20910;30,33031
3388;3389;85,3;60,20898;30,33080
3418;3419;85,7;60,20886;30,33128
3448;3449;86,2;60,20874;30,33177
3478;3479;87,4;60,20862;30,33225
3508;3509;88,4;60,20850;30,33274
3538;3539;89,6;60,20838;30,33323
3568;3569;88,7;60,20826;30,33371
3598;3599;87,4;60,20814;30,33420
3628;3629;86,2;60,20802;30,33469
3658;3659;85,5;60,20790;30,33517
3688;3689;85,5;60,20778;30,33566
3718;3719;86,3;60,20766;30,33614
3748;3749;87,8;60,20754;30,33663
3778;3779;89,7;60,20742;30,33712
3808;3809;91,8;60,20730;30,33760
3838;3839;93,8;60,20718;30,33809
3868;3869;95,8;60,20706;30,33857
3898;3899;97,6;60,20694;30,33906
3927;3929;98,5;60,20682;30,33955
3957;3959;99,0;60,20670;30,34003
3987;3989;98,2;60,20658;30,34052
4017;4019;97,7;60,20646;30,34101
4047;4049;97,3;60,20634;30,34149
4077;4079;96,5;60,20622;30,34198
4107;4109;95,6;60,20610;30,34246
4137;4139;95,2;60,20598;30,34295
4167;4169;95,0;60,20586;30,34344
4197;4199;94,6;60,20574;30,34392
4227;4229;93,9;60,20562;30,34441
4257;4259;93,4;60,20550;30,34489
4287;4289;93,3;60,20538;30,34538
4317;4319;93,4;60,20526;30,34587
4347;4349;94,3;60,20514;30,34635
4377;4379;94,7;60,20502;30,34684
4407;4409;94,3;60,20490;30,34732
4437;4439;93,2;60,20478;30,34781
4467;4469;91,9;60,20466;30,34830
4497;4499;91,2;60,20454;30,34878
4527;4529;90,6;60,20442;30,34927
4557;4559;90,8;60,20430;30,34976
4587;4589;90,9;60,20418;30,35024
4617;4619;91,0;60,20406;30,35073
4647;4649;90,5;60,20394;30,35121
4677;4679;89,9;60,20383;30,35170
4707;4709;88,8;60,20371;30,35219
4737;4739;88,0;60,20359;30,35267
4767;4769;87,2;60,20347;30,35316
4797;4799;86,9;60,20335;30,35364
4827;4829;87,2;60,20323;30,35413
4857;4859;87,7;60,20311;30,35462
4887;4889;88,1;60,20299;30,35510
4917;4919;88,7;60,20287;30,35559
4947;4949;89,4;60,20275;30,35607
4977;4979;90,6;60,20263;30,35656
5007;5009;90,0;60,20251;30,35705
5037;5039;88,6;60,20239;30,35753
5067;5069;85,2;60,20227;30,35802
5097;5099;82,0;60,20215;30,35850
5127;5129;79,6;60,20203;30,35899
5157;5159;79,6;60,20191;30,35948
5187;5189;81,5;60,20179;30,35996
5217;5219;83,0;60,20167;30,36045
5247;5249;84,3;60,20155;30,36093
5277;5279;85,4;60,20143;30,36142
5307;5309;86,0;60,20131;30,36191
5337;5339;86,0;60,20119;30,36239
5367;5369;85,6;60,20107;30,36288
5397;5399;85,1;60,20095;30,36336
5427;5429;84,3;60,20083;30,36385
5457;5459;84,3;60,20071;30,36434
5486;5489;84,8;60,20059;30,36482
5516;5519;84,4;60,20047;30,36531
5546;5549;83,6;60,20035;30,36579
5576;5579;83,5;60,20023;30,36628
5606;5609;83,4;60,20011;30,36676
5636;5639;81,9;60,19999;30,36725
5666;5669;79,4;60,19987;30,36774
5696;5699;76,3;60,19975;30,36822
5726;5729;75,6;60,19963;30,36871
5756;5759;75,7;60,19951;30,36919
5786;5789;75,9;60,19939;30,36968
5816;5819;75,6;60,19927;30,37017
5846;5849;75,2;60,19915;30,37065
5876;5879;75,4;60,19903;30,37114
5906;5909;75,6;60,19891;30,37162
5936;5939;76,1;60,19879;30,37211
5966;5969;76,6;60,19867;30,37260
5996;5999;76,5;60,19855;30,37308
6026;6029;76,6;60,19843;30,37357
6056;6059;77,1;60,19831;30,37405
6086;6089;77,2;60,19819;30,37454
6116;6119;77,2;60,19807;30,37503
6146;6149;76,3;60,19795;30,37551
6176;6179;75,0;60,19783;30,37600
6206;6209;73,2;60,19771;30,37648
6236;6239;71,8;60,19759;30,37697
6266;6269;71,1;60,19747;30,37745
6296;6299;72,0;60,19735;30,37794
6326;6329;73,0;60,19723;30,37843
6356;6359;74,3;60,19711;30,37891
6386;6389;76,1;60,19699;30,37940
6416;6419;78,4;60,19687;30,37988
6446;6449;80,8;60,19675;30,38037
6476;6479;83,0;60,19663;30,38086
6506;6509;83,2;60,19651;30,38134
6536;6539;83,0;60,19639;30,38183
6566;6569;82,3;60,19627;30,38231
6596;6599;81,2;60,19615;30,38280
6626;6629;79,6;60,19603;30,38328
6656;6659;77,6;60,19591;30,38377
6686;6689;75,1;60,19579;30,38426
6716;6720;71,3;60,19567;30,38474
6746;6750;67,6;60,19555;30,38523
6776;6780;63,8;60,19543;30,38571
6806;6810;61,0;60,19531;30,38620
6836;6840;58,8;60,19519;30,38669
6866;6870;58,0;60,19507;30,38717
6896;6900;57,8;60,19495;30,38766
6926;6930;57,7;60,19483;30,38814
6956;6960;59,1;60,19471;30,38863
6986;6990;61,3;60,19459;30,38911
7016;7020;64,8;60,19447;30,38960
7045;7051;68,1;60,19435;30,39009
7075;7081;70,0;60,19423;30,39057
7105;7111;71,4;60,19411;30,39106
7135;7141;72,1;60,19399;30,39154
7165;7171;72,3;60,19387;30,39203
7195;7201;72,4;60,19375;30,39251
7225;7231;71,8;60,19363;30,39300
7255;7261;71,4;60,19351;30,39349
7285;7290;71,1;60,19339;30,39397
7315;7320;70,9;60,19327;30,39446
7345;7350;70,9;60,19315;30,39494
7375;7380;72,0;60,19303;30,39543
7405;7410;73,0;60,19291;30,39591
7435;7440;73,6;60,19279;30,39640
7465;7470;74,2;60,19267;30,39689
7495;7500;74,7;60,19255;30,39737
7525;7530;74,7;60,19243;30,39786
7555;7560;74,5;60,19231;30,39834
7585;7590;75,0;60,19219;30,39883
7615;7620;75,7;60,19207;30,39931
7645;7650;76,5;60,19195;30,39980
7675;7680;77,2;60,19183;30,40029
7705;7710;77,8;60,19171;30,40077
7735;7740;78,0;60,19159;30,40126
7765;7770;78,0;60,19147;30,40174
7795;7800;78,6;60,19135;30,40223
7825;7830;79,1;60,19123;30,40271
7855;7860;79,5;60,19111;30,40320
7885;7890;79,6;60,19099;30,40369
7915;7920;79,8;60,19087;30,40417
7945;7950;80,0;60,19075;30,40466
7975;7980;80,2;60,19063;30,40514
8005;8010;80,6;60,19051;30,40563
8035;8040;81,2;60,19039;30,40611
8065;8070;81,9;60,19027;30,40660
8095;8100;82,9;60,19015;30,40709
8125;8130;83,8;60,19003;30,40757
8155;8160;83,7;60,18991;30,40806
8185;8190;83,1;60,18979;30,40854
8215;8220;82,5;60,18967;30,40903
8245;8250;82,1;60,18955;30,40951
8275;8280;81,6;60,18943;30,41000
8305;8310;80,2;60,18931;30,41048
8335;8340;78,3;60,18919;30,41097
8365;8370;75,5;60,18907;30,41146
8395;8400;72,8;60,18895;30,41194
8425;8430;70,4;60,18883;30,41243
8455;8460;68,9;60,18871;30,41291
8485;8490;68,0;60,18859;30,41340
8515;8520;68,6;60,18847;30,41388
8545;8550;69,9;60,18835;30,41437
8575;8580;71,8;60,18823;30,41485
8604;8610;72,7;60,18811;30,41534
8634;8640;73,3;60,18799;30,41583
8664;8670;74,5;60,18787;30,41631
8694;8700;75,9;60,18775;30,41680
8724;8730;77,2;60,18763;30,41728
8754;8760;78,0;60,18751;30,41777
8784;8790;78,1;60,18739;30,41825
8814;8820;78,2;60,18727;30,41874
8844;8850;78,4;60,18715;30,41922
8874;8880;78,9;60,18703;30,41971
8904;8910;80,0;60,18691;30,42020
8934;8940;82,0;60,18679;30,42068
8964;8971;84,9;60,18667;30,42117
8994;9001;86,7;60,18655;30,42165
9024;9031;86,9;60,18643;30,42214
9054;9061;85,9;60,18631;30,42262
9084;9091;83,3;60,18619;30,42311
9114;9121;81,2;60,18607;30,42359
9144;9151;79,8;60,18595;30,42408
9174;9181;79,9;60,18583;30,42457
9204;9211;82,0;60,18571;30,42505
9234;9241;84,7;60,18559;30,42554
9264;9271;87,2;60,18547;30,42602
9294;9301;89,3;60,18535;30,42651
9324;9331;90,3;60,18523;30,42699
9354;9361;90,2;60,18511;30,42748
9384;9391;88,8;60,18499;30,42796
9414;9421;87,7;60,18487;30,42845
9444;9451;86,7;60,18475;30,42894
9474;9481;86,3;60,18463;30,42942
9504;9511;86,0;60,18451;30,42991
9534;9541;85,7;60,18439;30,43039
9564;9571;85,2;60,18427;30,43088
9594;9601;85,0;60,18415;30,43136
9624;9631;85,1;60,18403;30,43185
9654;9661;85,3;60,18391;30,43233
9684;9691;85,4;60,18379;30,43282
9714;9721;85,4;60,18367;30,43330
9744;9751;84,3;60,18355;30,43379
9774;9781;82,9;60,18343;30,43428
9804;9811;81,6;60,18330;30,43476
9834;9841;80,6;60,18318;30,43525
9864;9871;80,1;60,18306;30,43573
9894;9901;79,9;60,18294;30,43622
9924;9931;79,8;60,18282;30,43670
9954;9961;79,9;60,18270;30,43719
9984;9991;79,6;60,18258;30,43767
10014;10021;79,2;60,18246;30,43816
10044;10051;78,6;60,18234;30,43864
10074;10081;78,0;60,18222;30,43913
10104;10111;77,9;60,18210;30,43961
10134;10141;78,2;60,18198;30,44010
10163;10171;78,5;60,18186;30,44059
10193;10201;79,1;60,18174;30,44107
10223;10231;79,8;60,18162;30,44156
10253;10261;80,1;60,18150;30,44204
10283;10291;80,6;60,18138;30,44253
10313;10321;80,9;60,18126;30,44301
10343;10351;80,9;60,18114;30,44350
10373;10381;80,1;60,18102;30,44398
10403;10411;79,2;60,18090;30,44447
10433;10441;78,2;60,18078;30,44495
10463;10471;78,3;60,18066;30,44544
10493;10500;78,5;60,18054;30,44592
10523;10530;78,4;60,18042;30,44641
10553;10560;78,2;60,18030;30,44690
10583;10590;77,5;60,18018;30,44738
10613;10620;76,4;60,18006;30,44787
10643;10650;74,9;60,17994;30,44835
10673;10681;72,9;60,17982;30,44884
10703;10711;71,4;60,17970;30,44932
10733;10741;70,8;60,17958;30,44981
10763;10771;71,8;60,17946;30,45029
10793;10801;73,9;60,17934;30,45078
10823;10831;76,8;60,17922;30,45126
10853;10861;79,1;60,17910;30,45175
10883;10891;80,4;60,17898;30,45223
10913;10921;80,6;60,17886;30,45272
10943;10951;79,6;60,17874;30,45320
10973;10981;79,0;60,17862;30,45369
11003;11011;79,0;60,17850;30,45418
11033;11041;79,0;60,17838;30,45466
11063;11071;78,9;60,17826;30,45515
11093;11101;78,8;60,17814;30,45563
11123;11131;78,1;60,17802;30,45612
11153;11161;76,5;60,17790;30,45660
11183;11191;74,9;60,17778;30,45709
11213;11221;73,9;60,17766;30,45757
11243;11251;75,0;60,17754;30,45806
11273;11281;77,9;60,17742;30,45854
11303;11311;81,3;60,17729;30,45903
11333;11341;83,3;60,17717;30,45951
11363;11371;84,4;60,17705;30,46000
11393;11401;84,5;60,17693;30,46048
11423;11431;84,3;60,17681;30,46097
11453;11461;84,0;60,17669;30,46145
11483;11491;83,3;60,17657;30,46194
11513;11521;82,3;60,17645;30,46242
11543;11551;81,0;60,17633;30,46291
11573;11581;79,8;60,17621;30,46340
11603;11611;79,4;60,17609;30,46388
11633;11641;78,9;60,17597;30,46437
11663;11671;78,2;60,17585;30,46485
11693;11701;78,5;60,17573;30,46534
11722;11731;79,2;60,17561;30,46582
11752;11761;80,9;60,17549;30,46631
11782;11791;81,8;60,17537;30,46679
11812;11821;81,5;60,17525;30,46728
11842;11851;81,0;60,17513;30,46776
11872;11881;80,9;60,17501;30,46825
11902;11911;81,1;60,17489;30,46873
11932;11941;81,4;60,17477;30,46922
11962;11971;81,3;60,17465;30,46970
11992;12001;81,1;60,17453;30,47019
12022;12031;80,1;60,17441;30,47067
12052;12061;79,4;60,17429;30,47116
12082;12091;79,0;60,17417;30,47164
12112;12121;79,6;60,17405;30,47213
12142;12151;80,2;60,17393;30,47261
12172;12181;80,3;60,17381;30,47310
12202;12211;80,0;60,17369;30,47358
12232;12241;79,1;60,17357;30,47407
12262;12271;77,9;60,17345;30,47455
12292;12301;76,8;60,17333;30,47504
12322;12331;75,7;60,17321;30,47552
12352;12361;74,9;60,17309;30,47601
12382;12391;74,5;60,17297;30,47649
12412;12421;74,2;60,17284;30,47698
12442;12451;73,3;60,17272;30,47747
12472;12481;71,2;60,17260;30,47795
12502;12511;68,6;60,17248;30,47844
12532;12541;67,0;60,17236;30,47892
12562;12571;66,5;60,17224;30,47941
12592;12601;66,8;60,17212;30,47989
12622;12631;67,0;60,17200;30,48038
12652;12661;66,8;60,17188;30,48086
12682;12691;65,4;60,17176;30,48135
12712;12721;64,0;60,17164;30,48183
12742;12751;64,2;60,17152;30,48232
12772;12781;64,5;60,17140;30,48280
12802;12811;64,5;60,17128;30,48329
12832;12841;64,2;60,17116;30,48377
12862;12871;64,0;60,17104;30,48426
12892;12901;64,0;60,17092;30,48474
12922;12931;63,8;60,17080;30,48523
12952;12961;63,5;60,17068;30,48571
12982;12991;63,8;60,17056;30,48620
13012;13021;63,9;60,17044;30,48668
13042;13051;63,4;60,17032;30,48717
13072;13081;62,7;60,17020;30,48765
13102;13111;62,2;60,17008;30,48814
13132;13141;62,3;60,16996;30,48862
13162;13171;62,9;60,16984;30,48911
13192;13201;63,3;60,16972;30,48959
13222;13230;63,5;60,16960;30,49008
13252;13260;63,3;60,16948;30,49056
13281;13290;63,2;60,16936;30,49105
13311;13320;63,0;60,16923;30,49153
13341;13350;62,4;60,16911;30,49202
13371;13380;61,5;60,16899;30,49250
13401;13410;61,0;60,16887;30,49299
13431;13440;60,5;60,16875;30,49347
13461;13470;60,0;60,16863;30,49396
13491;13500;60,2;60,16851;30,49444
13521;13530;61,0;60,16839;30,49493
13551;13560;61,5;60,16827;30,49541
13581;13590;62,0;60,16815;30,49590
13611;13620;62,1;60,16803;30,49638
13641;13650;61,9;60,16791;30,49687
13671;13680;61,6;60,16779;30,49735
13701;13710;61,7;60,16767;30,49784
13731;13740;62,0;60,16755;30,49832
13761;13770;61,5;60,16743;30,49881
13791;13800;61,3;60,16731;30,49929
13821;13830;61,0;60,16719;30,49978
13851;13860;60,4;60,16707;30,50026
13881;13890;59,5;60,16695;30,50075
13911;13920;57,6;60,16683;30,50123
13941;13950;55,0;60,16671;30,50172
13971;13980;55,0;60,16659;30,50220
14001;14010;55,0;60,16647;30,50269
14031;14040;55,0;60,16635;30,50317
14061;14070;55,0;60,16623;30,50366
14091;14100;55,0;60,16610;30,50414
14121;14130;55,0;60,16598;30,50463
14151;14160;55,0;60,16586;30,50511
14181;14190;55,0;60,16574;30,50560
14211;14220;55,0;60,16562;30,50608
14241;14250;55,0;60,16550;30,50657
14271;14280;55,0;60,16538;30,50705
14301;14310;55,0;60,16526;30,50754
14331;14340;55,0;60,16514;30,50802
14361;14370;55,0;60,16502;30,50851
14391;14400;55,0;60,16490;30,50899
14421;14430;55,0;60,16478;30,50948
14451;14460;55,0;60,16466;30,50996
14481;14490;55,0;60,16454;30,51045
14511;14520;55,0;60,16442;30,51093
14541;14550;55,0;60,16430;30,51142
14571;14580;55,0;60,16418;30,51190
14601;14610;55,0;60,16406;30,51238
14631;14640;55,0;60,16394;30,51287
14661;14670;55,0;60,16382;30,51335
14691;14700;55,0;60,16370;30,51384
14721;14730;55,0;60,16358;30,51432
14751;14760;55,0;60,16346;30,51481
14781;14790;55,0;60,16333;30,51529
14811;14820;55,8;60,16321;30,51578
14840;14850;57,6;60,16309;30,51626
14870;14880;60,1;60,16297;30,51675
14900;14910;61,5;60,16285;30,51723
14930;14940;62,9;60,16273;30,51772
14960;14970;64,5;60,16261;30,51820
14990;15000;66,8;60,16249;30,51869
15020;15030;67,9;60,16237;30,51917
15050;15060;67,4;60,16225;30,51966
15080;15090;67,0;60,16213;30,52014
15110;15120;67,0;60,16201;30,52063
15140;15150;67,8;60,16189;30,52111
15170;15180;69,0;60,16177;30,52160
15200;15210;70,2;60,16165;30,52208
15230;15240;72,3;60,16153;30,52257
15260;15270;73,0;60,16141;30,52305
15290;15300;73,7;60,16129;30,52354
15320;15330;74,6;60,16117;30,52402
15350;15360;77,6;60,16105;30,52451
15380;15390;82,0;60,16093;30,52499
15410;15421;86,1;60,16081;30,52547
15440;15451;90,0;60,16068;30,52596
15470;15481;93,5;60,16056;30,52644
15500;15511;97,1;60,16044;30,52693
15530;15541;100,8;60,16032;30,52741
15560;15572;104,8;60,16020;30,52790
15590;15602;108,5;60,16008;30,52838
15620;15632;110,2;60,15996;30,52887
15650;15662;110,7;60,15984;30,52935
15680;15692;110,3;60,15972;30,52984
15710;15722;109,8;60,15960;30,53032
15740;15752;109,1;60,15948;30,53081
15770;15782;108,8;60,15936;30,53129
15800;15812;108,2;60,15924;30,53178
15830;15842;106,8;60,15912;30,53226
15860;15872;105,4;60,15900;30,53275
15890;15902;104,5;60,15888;30,53323
15920;15932;104,4;60,15876;30,53372
15950;15962;104,8;60,15864;30,53420
15980;15992;105,8;60,15852;30,53468
16010;16022;106,7;60,15840;30,53517
16040;16052;108,3;60,15827;30,53565
16070;16082;109,0;60,15815;30,53614
16100;16112;109,2;60,15803;30,53662
16130;16142;109,5;60,15791;30,53711
16160;16172;109,7;60,15779;30,53759
16190;16202;109,9;60,15767;30,53808
16220;16232;110,0;60,15755;30,53856
16250;16262;109,8;60,15743;30,53905
16280;16292;109,5;60,15731;30,53953
16310;16322;109,2;60,15719;30,54002
16340;16352;108,6;60,15707;30,54050
16370;16382;107,8;60,15695;30,54099
16400;16412;106,9;60,15683;30,54147
16429;16442;105,5;60,15671;30,54196
16459;16472;103,8;60,15659;30,54244
16489;16502;100,5;60,15647;30,54292
16519;16532;97,1;60,15635;30,54341
16549;16563;91,6;60,15623;30,54389
16579;16593;86,1;60,15610;30,54438
16609;16624;80,1;60,15598;30,54486
16639;16654;76,4;60,15586;30,54535
16669;16684;74,8;60,15574;30,54583
16699;16714;75,5;60,15562;30,54632
16729;16744;75,2;60,15550;30,54680
16759;16774;74,3;60,15538;30,54729
16789;16804;73,5;60,15526;30,54777
16819;16834;73,1;60,15514;30,54826
16849;16864;74,4;60,15502;30,54874
16879;16894;77,4;60,15490;30,54922
16909;16924;81,8;60,15478;30,54971
16939;16954;86,0;60,15466;30,55019
16969;16985;90,4;60,15454;30,55068
16999;17015;93,4;60,15442;30,55116
17029;17045;95,5;60,15430;30,55165
17059;17075;97,2;60,15418;30,55213
17089;17105;98,1;60,15406;30,55262
17119;17135;98,5;60,15393;30,55310
17149;17165;97,9;60,15381;30,55359
17179;17195;96,4;60,15369;30,55407
17209;17225;93,3;60,15357;30,55455
17239;17255;89,4;60,15345;30,55504
17269;17286;85,7;60,15333;30,55552
17299;17316;82,8;60,15321;30,55601
17329;17346;80,9;60,15309;30,55649
17359;17376;78,4;60,15297;30,55698
17389;17406;74,9;60,15285;30,55746
17419;17436;72,5;60,15273;30,55795
17449;17466;70,1;60,15261;30,55843
17479;17496;70,8;60,15249;30,55892
17509;17526;72,2;60,15237;30,55940
17539;17556;73,7;60,15225;30,55988
17569;17586;75,4;60,15213;30,56037
17599;17616;77,2;60,15201;30,56085
17629;17646;78,3;60,15188;30,56134
17659;17676;78,6;60,15176;30,56182
17689;17706;77,4;60,15164;30,56231
17719;17736;76,1;60,15152;30,56279
17749;17766;75,1;60,15140;30,56328
17779;17796;75,8;60,15128;30,56376
17809;17826;77,2;60,15116;30,56425
17839;17856;78,7;60,15104;30,56473
17869;17886;79,5;60,15092;30,56521
17899;17916;79,4;60,15080;30,56570
17929;17946;79,9;60,15068;30,56618
17959;17976;80,9;60,15056;30,56667
17988;18006;83,4;60,15044;30,56715
18018;18036;85,9;60,15032;30,56764
18048;18066;88,3;60,15020;30,56812
18078;18097;90,5;60,15008;30,56861
18108;18127;91,9;60,14995;30,56909
18138;18157;91,3;60,14983;30,56957
18168;18187;89,9;60,14971;30,57006
18198;18217;86,4;60,14959;30,57054
18228;18247;83,8;60,14947;30,57103
18258;18277;82,4;60,14935;30,57151
18288;18307;82,3;60,14923;30,57200
18318;18337;82,9;60,14911;30,57248
18348;18367;83,8;60,14899;30,57297
18378;18397;84,5;60,14887;30,57345
18408;18427;84,1;60,14875;30,57393
18438;18457;83,5;60,14863;30,57442
18468;18487;83,2;60,14851;30,57490
18498;18517;84,3;60,14839;30,57539
18528;18547;86,8;60,14827;30,57587
18558;18577;89,7;60,14814;30,57636
18588;18607;92,3;60,14802;30,57684
18618;18637;94,2;60,14790;30,57733
18648;18667;94,9;60,14778;30,57781
18678;18697;94,6;60,14766;30,57829
18708;18727;94,3;60,14754;30,57878
18738;18757;94,3;60,14742;30,57926
18768;18787;94,8;60,14730;30,57975
18798;18817;95,9;60,14718;30,58023
18828;18847;97,3;60,14706;30,58072
18858;18877;98,3;60,14694;30,58120
18888;18907;99,2;60,14682;30,58168
18918;18937;99,8;60,14670;30,58217
18948;18967;100,3;60,14658;30,58265
18978;18997;99,9;60,14645;30,58314
19008;19027;98,9;60,14633;30,58362
19038;19057;97,7;60,14621;30,58411
19068;19087;96,6;60,14609;30,58459
19098;19117;95,6;60,14597;30,58507
19128;19147;94,6;60,14585;30,58556
19158;19177;93,8;60,14573;30,58604
19188;19207;93,7;60,14561;30,58653
19218;19237;93,5;60,14549;30,58701
19248;19267;93,5;60,14537;30,58750
19278;19297;94,5;60,14525;30,58798
19308;19327;95,5;60,14513;30,58847
19338;19357;95,9;60,14501;30,58895
19368;19387;96,0;60,14489;30,58943
19398;19417;95,7;60,14477;30,58992
19428;19447;95,2;60,14464;30,59040
19458;19477;95,0;60,14452;30,59089
19488;19507;95,2;60,14440;30,59137
19518;19537;95,5;60,14428;30,59186
19547;19567;95,1;60,14416;30,59234
19577;19597;93,2;60,14404;30,59282
19607;19627;90,8;60,14392;30,59331
19637;19657;88,4;60,14380;30,59379
19667;19687;85,8;60,14368;30,59428
19697;19717;83,6;60,14356;30,59476
19727;19747;82,0;60,14344;30,59525
19757;19777;81,1;60,14332;30,59573
19787;19807;81,0;60,14320;30,59621
19817;19837;81,0;60,14307;30,59670
19847;19867;81,2;60,14295;30,59718
19877;19897;81,5;60,14283;30,59767
19907;19927;81,9;60,14271;30,59815
19937;19957;82,2;60,14259;30,59863
19967;19987;82,0;60,14247;30,59912
19997;20017;79,5;60,14235;30,59960
20027;20047;76,6;60,14223;30,60009
20057;20077;73,8;60,14211;30,60057
20087;20107;71,6;60,14199;30,60106
20117;20137;70,4;60,14187;30,60154
20147;20167;69,6;60,14175;30,60202
20177;20197;69,0;60,14163;30,60251
20207;20227;69,6;60,14150;30,60299
20237;20257;69,8;60,14138;30,60348
20267;20287;69,2;60,14126;30,60396
20297;20317;69,0;60,14114;30,60445
20327;20347;69,5;60,14102;30,60493
20357;20377;69,8;60,14090;30,60541
20387;20407;70,2;60,14078;30,60590
20417;20437;71,1;60,14066;30,60638
20447;20467;71,2;60,14054;30,60687
20477;20497;70,5;60,14042;30,60735
20507;20527;70,0;60,14030;30,60783
20537;20557;69,6;60,14018;30,60832
20567;20587;68,6;60,14006;30,60880
20597;20617;67,0;60,13993;30,60929
20627;20647;64,7;60,13981;30,60977
20657;20677;62,2;60,13969;30,61026
20687;20707;59,6;60,13957;30,61074
20717;20738;56,8;60,13945;30,61122
20747;20768;54,1;60,13933;30,61171
20777;20798;53,2;60,13921;30,61219
20807;20828;53,5;60,13909;30,61268
20837;20858;54,3;60,13897;30,61316
20867;20888;55,0;60,13885;30,61364
20897;20918;55,4;60,13873;30,61413
20927;20948;55,1;60,13861;30,61461
20957;20978;54,5;60,13849;30,61510
20987;21008;54,1;60,13836;30,61558
21017;21038;53,7;60,13824;30,61606
21047;21067;53,1;60,13812;30,61655
21077;21097;52,5;60,13800;30,61703
21106;21127;51,9;60,13788;30,61752
21136;21157;51,3;60,13776;30,61800
21166;21187;50,6;60,13764;30,61849
21196;21217;49,4;60,13752;30,61897
21226;21247;48,3;60,13740;30,61945
21256;21277;47,4;60,13728;30,61994
21286;21307;46,9;60,13716;30,62042
21316;21337;46,5;60,13704;30,62091
21346;21367;46,5;60,13691;30,62139
21376;21397;46,5;60,13679;30,62187
21406;21427;46,1;60,13667;30,62236
21436;21457;46,0;60,13655;30,62284
21466;21487;46,0;60,13643;30,62333
21496;21517;46,3;60,13631;30,62381
21526;21547;46,5;60,13619;30,62429
21556;21577;47,0;60,13607;30,62478
21586;21607;47,7;60,13595;30,62526
21616;21637;48,7;60,13583;30,62575
21646;21667;48,8;60,13571;30,62623
21676;21697;48,8;60,13559;30,62671
21706;21727;48,7;60,13546;30,62720
21736;21757;49,0;60,13534;30,62768
21766;21787;49,3;60,13522;30,62817
21796;21817;49,5;60,13510;30,62865
21826;21847;49,9;60,13498;30,62913
21856;21877;49,1;60,13486;30,62962
21886;21907;48,1;60,13474;30,63010
21916;21937;46,6;60,13462;30,63059
21946;21967;45,5;60,13450;30,63107
21976;21997;44,6;60,13438;30,63155
22006;22027;44,2;60,13426;30,63204
22036;22057;44,0;60,13413;30,63252
22066;22087;44,2;60,13401;30,63301
22096;22117;44,9;60,13389;30,63349
22126;22147;46,0;60,13377;30,63397
22156;22177;46,8;60,13365;30,63446
22186;22207;47,2;60,13353;30,63494
22216;22237;46,7;60,13341;30,63543
22246;22267;45,7;60,13329;30,63591
22276;22297;44,5;60,13317;30,63639
22306;22327;44,4;60,13305;30,63688
22336;22357;45,3;60,13293;30,63736
22366;22387;46,6;60,13281;30,63785
22396;22417;47,5;60,13268;30,63833
22426;22447;48,4;60,13256;30,63881
22456;22477;48,8;60,13244;30,63930
22486;22507;48,5;60,13232;30,63978
22516;22537;47,9;60,13220;30,64027
22546;22567;47,0;60,13208;30,64075
22576;22597;46,2;60,13196;30,64123
22606;22627;45,4;60,13184;30,64172
22636;22657;45,1;60,13172;30,64220
22665;22687;45,1;60,13160;30,64269
22695;22717;45,4;60,13148;30,64317
22725;22747;45,3;60,13135;30,64365
22755;22777;44,9;60,13123;30,64414
22785;22807;43,7;60,13111;30,64462
22815;22837;42,7;60,13099;30,64510
22845;22867;42,1;60,13087;30,64559
22875;22897;42,6;60,13075;30,64607
22905;22927;43,9;60,13063;30,64656
22935;22957;44,8;60,13051;30,64704
22965;22987;45,5;60,13039;30,64752
22995;23017;45,4;60,13027;30,64801
23025;23047;45,3;60,13015;30,64849
23055;23077;44,4;60,13002;30,64898
23085;23107;44,0;60,12990;30,64946
23115;23137;43,8;60,12978;30,64994
23145;23167;43,5;60,12966;30,65043
23175;23197;43,0;60,12954;30,65091
23205;23227;42,9;60,12942;30,65140
23235;23257;42,8;60,12930;30,65188
23265;23287;42,9;60,12918;30,65236
23295;23317;42,7;60,12906;30,65285
23325;23347;42,2;60,12894;30,65333
23355;23377;42,1;60,12881;30,65381
23385;23407;42,0;60,12869;30,65430
23415;23437;42,0;60,12857;30,65478
23445;23467;41,6;60,12845;30,65527
23475;23497;41,1;60,12833;30,65575
23505;23527;41,8;60,12821;30,65623
23535;23556;42,5;60,12809;30,65672
23565;23586;42,6;60,12797;30,65720
23595;23616;42,1;60,12785;30,65768
23625;23646;41,0;60,12773;30,65817
23655;23676;40,3;60,12761;30,65865
23685;23706;39,9;60,12748;30,65914
23715;23736;40,2;60,12736;30,65962
23745;23766;40,7;60,12724;30,66010
23775;23796;40,9;60,12712;30,66059
23805;23826;41,0;60,12700;30,66107
23835;23856;41,5;60,12688;30,66156
23865;23886;42,3;60,12676;30,66204
23895;23916;42,9;60,12664;30,66252
23925;23946;43,1;60,12652;30,66301
23955;23976;43,0;60,12640;30,66349
23985;24006;42,5;60,12627;30,66397
24015;24036;41,8;60,12615;30,66446
24045;24066;41,2;60,12603;30,66494
24075;24096;41,0;60,12591;30,66543
24105;24126;40,9;60,12579;30,66591
24135;24156;40,4;60,12567;30,66639
24165;24186;40,3;60,12555;30,66688
24195;24216;40,4;60,12543;30,66736
24224;24246;40,1;60,12531;30,66784
24254;24276;39,2;60,12519;30,66833
24284;24306;39,6;60,12506;30,66881
24314;24336;40,2;60,12494;30,66930
24344;24366;41,0;60,12482;30,66978
24374;24396;41,5;60,12470;30,67026
24404;24426;41,8;60,12458;30,67075
24434;24456;42,1;60,12446;30,67123
24464;24486;42,4;60,12434;30,67171
24494;24516;42,7;60,12422;30,67220
24524;24546;43,0;60,12410;30,67268
24554;24576;43,3;60,12398;30,67316
24584;24606;43,5;60,12385;30,67365
24614;24636;43,9;60,12373;30,67413
24644;24666;44,1;60,12361;30,67462
24674;24696;44,7;60,12349;30,67510
24704;24726;46,2;60,12337;30,67558
24734;24756;47,0;60,12325;30,67607
24764;24786;47,3;60,12313;30,67655
24794;24816;47,2;60,12301;30,67703
24824;24846;46,8;60,12289;30,67752
24854;24876;45,2;60,12276;30,67800
24884;24906;43,6;60,12264;30,67849
24914;24936;41,7;60,12252;30,67897
24944;24966;40,4;60,12240;30,67945
24974;24996;39,6;60,12228;30,67994
25004;25026;40,8;60,12216;30,68042
25034;25056;42,2;60,12204;30,68090
25064;25086;43,4;60,12192;30,68139
25094;25116;44,0;60,12180;30,68187
25124;25146;44,0;60,12168;30,68235
25154;25176;43,5;60,12155;30,68284
25184;25206;42,7;60,12143;30,68332
25214;25236;40,6;60,12131;30,68380
25244;25266;38,5;60,12119;30,68429
25274;25296;37,1;60,12107;30,68477
25304;25326;36,3;60,12095;30,68526
25334;25356;36,0;60,12083;30,68574
25364;25386;36,3;60,12071;30,68622
25394;25416;36,7;60,12059;30,68671
25424;25446;37,1;60,12046;30,68719
25454;25476;37,7;60,12034;30,68767
25484;25506;38,6;60,12022;30,68816
25514;25536;39,6;60,12010;30,68864
25544;25566;40,7;60,11998;30,68912
25574;25596;40,5;60,11986;30,68961
25604;25626;40,0;60,11974;30,69009
25634;25656;39,2;60,11962;30,69058
25664;25686;38,2;60,11950;30,69106
25694;25716;37,2;60,11937;30,69154
25724;25746;36,0;60,11925;30,69203
25754;25776;34,9;60,11913;30,69251
25783;25806;34,8;60,11901;30,69299
25813;25836;34,4;60,11889;30,69348
25843;25866;33,7;60,11877;30,69396
25873;25896;33,4;60,11865;30,69444
25903;25926;33,4;60,11853;30,69493
25933;25956;33,1;60,11841;30,69541
25963;25986;32,9;60,11829;30,69589
25993;26016;32,9;60,11816;30,69638
26023;26046;33,2;60,11804;30,69686
26053;26076;33,8;60,11792;30,69734
26083;26106;34,3;60,11780;30,69783
26113;26136;34,9;60,11768;30,69831
26143;26166;35,0;60,11756;30,69880
26173;26196;34,5;60,11744;30,69928
26203;26226;33,7;60,11732;30,69976
26233;26256;33,2;60,11720;30,70025
26263;26286;32,9;60,11707;30,70073
26293;26316;32,5;60,11695;30,70121
26323;26346;32,1;60,11683;30,70170
26353;26376;32,0;60,11671;30,70218
26383;26406;31,7;60,11659;30,70266
26413;26436;31,1;60,11647;30,70315
26443;26466;31,0;60,11635;30,70363
26473;26496;31,0;60,11623;30,70411
26503;26525;31,1;60,11610;30,70460
26533;26555;31,1;60,11598;30,70508
26563;26585;31,0;60,11586;30,70556
26593;26615;31,2;60,11574;30,70605
26623;26645;31,6;60,11562;30,70653
26653;26675;31,7;60,11550;30,70701
26683;26705;31,9;60,11538;30,70750
26713;26735;32,2;60,11526;30,70798
26743;26765;32,9;60,11514;30,70846
26773;26795;34,4;60,11501;30,70895
26803;26825;35,8;60,11489;30,70943
26833;26855;36,6;60,11477;30,70991
26863;26885;36,8;60,11465;30,71040
26893;26915;36,8;60,11453;30,71088
26923;26945;37,7;60,11441;30,71136
26953;26975;38,7;60,11429;30,71185
26983;27005;39,7;60,11417;30,71233
27013;27035;40,3;60,11405;30,71282
27043;27065;40,7;60,11392;30,71330
27073;27095;40,2;60,11380;30,71378
27103;27125;39,4;60,11368;30,71427
27133;27155;38,0;60,11356;30,71475
27163;27185;36,6;60,11344;30,71523
27193;27215;35,2;60,11332;30,71572
27223;27245;34,1;60,11320;30,71620
27253;27275;33,2;60,11308;30,71668
27283;27305;32,8;60,11295;30,71717
27313;27335;32,6;60,11283;30,71765
27342;27365;33,1;60,11271;30,71813
27372;27395;34,2;60,11259;30,71862
27402;27425;35,9;60,11247;30,71910
27432;27455;36,7;60,11235;30,71958
27462;27485;37,7;60,11223;30,72007
27492;27515;39,0;60,11211;30,72055
27522;27545;40,4;60,11199;30,72103
27552;27575;41,8;60,11186;30,72152
27582;27605;42,7;60,11174;30,72200
27612;27635;42,8;60,11162;30,72248
27642;27665;42,9;60,11150;30,72297
27672;27695;42,8;60,11138;30,72345
27702;27725;42,1;60,11126;30,72393
27732;27755;41,6;60,11114;30,72442
27762;27785;41,7;60,11102;30,72490
27792;27815;42,3;60,11089;30,72538
27822;27845;43,1;60,11077;30,72587
27852;27875;43,5;60,11065;30,72635
27882;27905;43,2;60,11053;30,72683
27912;27935;41,9;60,11041;30,72732
27942;27965;39,9;60,11029;30,72780
27972;27995;37,7;60,11017;30,72828
28002;28025;36,0;60,11005;30,72877
28032;28055;34,9;60,10992;30,72925
28062;28085;34,4;60,10980;30,72973
28092;28115;34,2;60,10968;30,73021
28122;28145;34,1;60,10956;30,73070
28152;28175;34,2;60,10944;30,73118
28182;28205;34,0;60,10932;30,73166
28212;28235;34,0;60,10920;30,73215
28242;28265;34,0;60,10908;30,73263
28272;28295;34,0;60,10895;30,73311
28302;28325;33,8;60,10883;30,73360
28332;28355;33,5;60,10871;30,73408
28362;28385;32,6;60,10859;30,73456
28392;28415;31,9;60,10847;30,73505
28422;28445;31,3;60,10835;30,73553
28452;28475;31,4;60,10823;30,73601
28482;28505;32,3;60,10811;30,73650
28512;28535;32,5;60,10798;30,73698
28542;28565;32,4;60,10786;30,73746
28572;28595;32,4;60,10774;30,73795
28602;28625;32,3;60,10762;30,73843
28632;28655;32,6;60,10750;30,73891
28662;28685;32,6;60,10738;30,73940
28692;28715;32,3;60,10726;30,73988
28722;28745;31,9;60,10714;30,74036
28752;28775;31,7;60,10701;30,74085
28782;28805;32,3;60,10689;30,74133
28812;28835;32,7;60,10677;30,74181
28842;28865;32,9;60,10665;30,74230
28872;28895;32,7;60,10653;30,74278
28901;28925;32,3;60,10641;30,74326
28931;28955;32,6;60,10629;30,74374
28961;28985;33,2;60,10617;30,74423
28991;29015;33,5;60,10604;30,74471
29021;29045;33,6;60,10592;30,74519
29051;29075;33,1;60,10580;30,74568
29081;29105;32,9;60,10568;30,74616
29111;29135;32,6;60,10556;30,74664
29141;29165;32,2;60,10544;30,74713
29171;29195;31,9;60,10532;30,74761
29201;29225;31,8;60,10520;30,74809
29231;29255;32,1;60,10507;30,74858
29261;29285;32,9;60,10495;30,74906
29291;29315;34,4;60,10483;30,74954
29321;29345;36,1;60,10471;30,75003
29351;29375;38,0;60,10459;30,75051
29381;29405;39,9;60,10447;30,75099
29411;29435;41,9;60,10435;30,75148
29441;29465;43,5;60,10422;30,75196
29471;29495;44,2;60,10410;30,75244
29501;29525;43,6;60,10398;30,75292
29531;29555;42,9;60,10386;30,75341
29561;29585;42,2;60,10374;30,75389
29591;29615;41,8;60,10362;30,75437
29621;29645;41,8;60,10350;30,75486
29651;29675;41,8;60,10338;30,75534
29681;29705;41,3;60,10325;30,75582
29711;29735;40,5;60,10313;30,75631
29741;29765;39,8;60,10301;30,75679
29771;29795;39,1;60,10289;30,75727
29801;29825;39,1;60,10277;30,75776
29831;29855;40,0;60,10265;30,75824
29861;29885;40,8;60,10253;30,75872
29891;29915;41,0;60,10240;30,75920
29921;29945;41,6;60,10228;30,75969
29951;29975;42,2;60,10216;30,76017
29981;30005;42,7;60,10204;30,76065
30011;30035;43,3;60,10192;30,76114
30041;30065;43,9;60,10180;30,76162
30071;30095;44,5;60,10168;30,76210
30101;30125;45,0;60,10156;30,76259
30131;30155;46,0;60,10143;30,76307
30161;30185;46,9;60,10131;30,76355
30191;30215;47,7;60,10119;30,76403
30221;30244;47,7;60,10107;30,76452
30251;30274;47,7;60,10095;30,76500
30281;30305;45,6;60,10083;30,76548
30311;30335;43,1;60,10071;30,76597
30341;30365;39,7;60,10058;30,76645
30371;30395;37,3;60,10046;30,76693
30401;30425;35,2;60,10034;30,76742
30431;30455;33,9;60,10022;30,76790
30460;30485;32,2;60,10010;30,76838
30490;30515;32,0;60,09998;30,76886
30520;30545;31,9;60,09986;30,76935
30550;30575;31,7;60,09974;30,76983
30580;30605;31,9;60,09961;30,77031
30610;30635;32,1;60,09949;30,77080
30640;30665;32,3;60,09937;30,77128
30670;30695;32,4;60,09925;30,77176
30700;30725;31,8;60,09913;30,77225
30730;30755;31,8;60,09901;30,77273
30760;30785;32,1;60,09889;30,77321
30790;30815;32,2;60,09876;30,77369
30820;30845;32,3;60,09864;30,77418
30850;30875;31,7;60,09852;30,77466
30880;30905;31,3;60,09840;30,77514
30910;30935;31,9;60,09828;30,77563
30940;30965;32,6;60,09816;30,77611
30970;30995;32,9;60,09804;30,77659
31000;31025;32,9;60,09791;30,77708
31030;31055;32,7;60,09779;30,77756
31060;31085;32,7;60,09767;30,77804
31090;31115;33,4;60,09755;30,77852
31120;31145;34,5;60,09743;30,77901
31150;31175;35,2;60,09731;30,77949
31180;31205;35,9;60,09719;30,77997
31210;31235;35,7;60,09706;30,78046
31240;31265;35,2;60,09694;30,78094
31270;31295;34,4;60,09682;30,78142
31300;31325;33,7;60,09670;30,78190
31330;31355;33,0;60,09658;30,78239
31360;31384;32,4;60,09646;30,78287
31390;31414;32,0;60,09634;30,78335
31420;31444;32,2;60,09621;30,78384
31450;31474;32,4;60,09609;30,78432
31480;31504;32,9;60,09597;30,78480
31510;31534;33,0;60,09585;30,78528
31540;31564;32,7;60,09573;30,78577
31570;31594;32,2;60,09561;30,78625
31600;31624;31,9;60,09549;30,78673
31630;31654;31,7;60,09536;30,78722
31660;31684;31,5;60,09524;30,78770
31690;31714;31,1;60,09512;30,78818
31720;31744;30,9;60,09500;30,78866
31750;31774;30,9;60,09488;30,78915
31780;31804;30,6;60,09476;30,78963
31810;31834;30,3;60,09464;30,79011
31840;31864;30,2;60,09451;30,79060
31870;31894;30,6;60,09439;30,79108
31900;31924;31,5;60,09427;30,79156
31930;31954;33,3;60,09415;30,79204
31960;31984;35,2;60,09403;30,79253
31990;32014;36,1;60,09391;30,79301
32020;32044;36,4;60,09379;30,79349
32049;32074;35,9;60,09366;30,79398
32079;32104;34,7;60,09354;30,79446
32109;32134;33,3;60,09342;30,79494
32139;32164;32,9;60,09330;30,79542
32169;32194;32,8;60,09318;30,79591
32199;32224;32,6;60,09306;30,79639
32229;32254;32,3;60,09294;30,79687
32259;32284;32,0;60,09281;30,79735
32289;32314;31,6;60,09269;30,79784
32319;32344;31,0;60,09257;30,79832
32349;32374;31,1;60,09245;30,79880
32379;32404;31,3;60,09233;30,79929
32409;32434;31,4;60,09221;30,79977
32439;32464;31,6;60,09208;30,80025
32469;32494;31,9;60,09196;30,80073
32499;32524;32,0;60,09184;30,80122
32529;32554;32,0;60,09172;30,80170
32559;32584;31,4;60,09160;30,80218
32589;32614;31,3;60,09148;30,80266
32619;32644;31,8;60,09136;30,80315
32649;32674;32,3;60,09123;30,80363
32679;32704;32,9;60,09111;30,80411
32709;32734;33,1;60,09099;30,80460
32739;32764;33,0;60,09087;30,80508
32769;32794;33,0;60,09075;30,80556
32799;32824;32,7;60,09063;30,80604
32829;32854;32,1;60,09051;30,80653
32859;32884;32,0;60,09038;30,80701
32889;32914;32,0;60,09026;30,80749
32919;32944;32,0;60,09014;30,80797
32949;32974;32,0;60,09002;30,80846
32979;33004;31,9;60,08990;30,80894
33009;33034;31,7;60,08978;30,80942
33039;33064;31,5;60,08965;30,80991
33069;33094;31,6;60,08953;30,81039
33099;33124;31,9;60,08941;30,81087
33129;33154;31,4;60,08929;30,81135
33159;33184;31,4;60,08917;30,81184
33189;33214;33,0;60,08905;30,81232
33219;33244;34,3;60,08893;30,81280
33249;33274;35,3;60,08880;30,81328
33279;33304;35,7;60,08868;30,81377
33309;33334;35,4;60,08856;30,81425
33339;33364;34,6;60,08844;30,81473
33369;33394;34,2;60,08832;30,81521
33399;33424;35,1;60,08820;30,81570
33429;33454;36,6;60,08807;30,81618
33459;33484;37,9;60,08795;30,81666
33489;33514;38,8;60,08783;30,81715
33519;33544;39,2;60,08771;30,81763
33549;33574;39,1;60,08759;30,81811
33579;33604;38,5;60,08747;30,81859
33608;33634;37,8;60,08735;30,81908
33638;33664;37,9;60,08722;30,81956
33668;33694;37,9;60,08710;30,82004
33698;33724;37,1;60,08698;30,82052
33728;33753;36,2;60,08686;30,82101
33758;33783;35,3;60,08674;30,82149
33788;33813;34,9;60,08662;30,82197
33818;33843;35,1;60,08649;30,82245
33848;33873;35,6;60,08637;30,82294
33878;33903;36,0;60,08625;30,82342
33908;33933;36,0;60,08613;30,82390
33938;33963;36,0;60,08601;30,82438
33968;33993;36,0;60,08589;30,82487
33998;34023;36,4;60,08577;30,82535
34028;34053;36,7;60,08564;30,82583
34058;34083;36,2;60,08552;30,82631
34088;34113;36,0;60,08540;30,82680
34118;34143;36,4;60,08528;30,82728
34148;34173;36,8;60,08516;30,82776
34178;34203;36,9;60,08504;30,82824
34208;34233;36,9;60,08491;30,82873
34238;34263;37,0;60,08479;30,82921
34268;34293;37,2;60,08467;30,82969
34298;34323;37,3;60,08455;30,83017
34328;34353;36,9;60,08443;30,83066
34358;34383;36,5;60,08431;30,83114
34388;34413;36,0;60,08418;30,83162
34418;34443;36,2;60,08406;30,83210
34448;34473;36,4;60,08394;30,83259
34478;34503;36,1;60,08382;30,83307
34508;34533;35,9;60,08370;30,83355
34538;34563;35,8;60,08358;30,83404
34568;34593;35,4;60,08345;30,83452
34598;34623;35,0;60,08333;30,83500 
